metacentrum.mwf_ResultR--Exact	sld_min	sld_max	sld_avg	wait_min	wait_max	wait_avg
EASY@metacentrum.mwf	1.1502240512409524E-6	5.297199999999999	2.3976014053142296	1.7442613447526836E-5	9.594399999999998	4.461881839669238
